study_id,label,price,bought_any_period,never_bought,periods_seen
bankStatements,[REDACTED],0,True,False,"0101,0102,0103,0104,0105,0106,0107"
companyResults,Résultats,100,True,False,"0101,0102,0103,0104,0105,0106,0107"
companyStock,Les stocks,0,True,False,"0101,0102,0103,0104,0105,0106,0107"
enafgeqlevss,Audit du service / administration-finance,200,True,False,"0101,0102,0103,0104,0105,0106,0107"
enapgeqlevss,Audit du service / approvisionnement,200,True,False,"0101,0102,0103,0104,0105,0106,0107"
enapgeqlquesmp,Qualité des entrées et sorties des matières,50,True,False,"0101,0102,0103,0104,0105,0106,0107"
enapgeqtcofr,Suivi des commandes fournisseurs,5000,True,False,"0101,0102,0103,0104,0105,0106,0107"
enapgeqtcuesmp,Coût des entrées et sorties des matières,50,True,False,"0101,0102,0103,0104,0105,0106,0107"
enprgeqlccqp,Composantes de la qualité des produits,250,True,False,"0101,0102,0103,0104,0105,0106,0107"
enprgeqlevss,Audit du service / production,200,True,False,"0101,0102,0103,0104,0105,0106,0107"
enprgeqlquespf,Qualité des entrées et sorties des produits,50,True,False,"0101,0102,0103,0104,0105,0106,0107"
enprgeqtatdb,Ateliers : disponibilités et besoins théoriques,100,True,False,"0101,0102,0103,0104,0105,0106,0107"
enprgeqtcuespf,Coût des entrées et sorties des produits finis,50,True,False,"0101,0102,0103,0104,0105,0106,0107"
enprgeqtmpdb,Matières : disponibilités et besoins théoriques,100,True,False,"0101,0102,0103,0104,0105,0106,0107"
enprgeqtpp,Processus de production,0,True,False,"0101,0102,0103,0104,0105,0106,0107"
ensaacvm,Ventes mensuelles,0,True,False,"0101,0102,0103,0104,0105,0106,0107"
ifrsStatementOfCashFlow,[REDACTED],100,True,False,"0101,0102,0103,0104,0105,0106,0107"
ifrsStatementOfFinancialPosition,[REDACTED],100,True,False,"0101,0102,0103,0104,0105,0106,0107"
ifrsStatementOfProfitAndLoss,[REDACTED],100,True,False,"0101,0102,0103,0104,0105,0106,0107"
initialBalanceSheet,Bilan au 1er janvier année 0,0,True,False,"0101,0102,0103,0104,0105,0106,0107"
monitoring,Tableau de bord,0,True,False,"0101,0102,0103,0104,0105,0106,0107"
pcgToIfrsBonds,Traitement des obligations,50,False,True,"0101,0102,0103,0104,0105,0106,0107"
pcgToIfrsDepreciation,Répartition des dépréciations hors VMP,50,False,True,"0101,0102,0103,0104,0105,0106,0107"
pcgToIfrsExternalLoads,Répartition des charges externes,50,False,True,"0101,0102,0103,0104,0105,0106,0107"
pcgToIfrsLeasing,Traitement du crédit-bail,50,True,False,"0101,0102,0103,0104,0105,0106,0107"
pcgToIfrsMonthlyLoansDistribution,Répartition des emprunts mensualisés,50,False,True,"0101,0102,0103,0104,0105,0106,0107"
pcgToIfrsStaffCostsDistribution,Répartition des charges de personnel,50,False,True,"0101,0102,0103,0104,0105,0106,0107"
pcgToIfrsStocks,Traitement des actions,50,False,True,"0101,0102,0103,0104,0105,0106,0107"
peassodb,Dommages aux biens,0,True,False,"0101,0102,0103,0104,0105,0106,0107"
peassoptex,Pertes d'exploitation,50,False,True,"0101,0102,0103,0104,0105,0106,0107"
peassorc,Responsabilité civile,0,True,False,"0101,0102,0103,0104,0105,0106,0107"
pebaemecta,Tableau d'amortissement,0,True,False,"0101,0102,0103,0104,0105,0106,0107"
pebaifpuao,Portefeuille actions,0,True,False,"0101,0102,0103,0104,0105,0106,0107"
pebaifpuoo,Portefeuille obligations,0,True,False,"0101,0102,0103,0104,0105,0106,0107"
peeedcahm,Achats et variations de stocks,50,True,False,"0101,0102,0103,0104,0105,0106,0107"
peeedcahsx,Autres achats et charges externes,50,True,False,"0101,0102,0103,0104,0105,0106,0107"
peeedccg,Chiffre d'affaires,100,True,False,"0101,0102,0103,0104,0105,0106,0107"
peeedcchfi,Charges financières,50,True,False,"0101,0102,0103,0104,0105,0106,0107"
peeedccscl,Créances clients,0,True,False,"0101,0102,0103,0104,0105,0106,0107"
peeedcdadpm,Dotations aux amortissements et dépréciations,50,False,True,"0101,0102,0103,0104,0105,0106,0107"
peeedcitesm,Charges de personnel,50,True,False,"0101,0102,0103,0104,0105,0106,0107"
peeedcpehc,Produits d'exploitation sur stocks et clients,50,False,True,"0101,0102,0103,0104,0105,0106,0107"
peeedcpofi,Produits financiers,50,True,False,"0101,0102,0103,0104,0105,0106,0107"
peeedsbiak,Bilan version simplifiée,100,True,False,"0101,0102,0103,0104,0105,0106,0107"
peeedsbidt,Bilan version détaillée,100,True,False,"0101,0102,0103,0104,0105,0106,0107"
peeedscrdl,Compte de résultat détaillé,100,True,False,"0101,0102,0103,0104,0105,0106,0107"
peeedscrsm,Compte de résultat simplifié,100,True,False,"0101,0102,0103,0104,0105,0106,0107"
peeedsftt,Tableau de trésorerie méthode indirecte,100,True,False,"0101,0102,0103,0104,0105,0106,0107"
peeefsisp,Impôts sur les sociétés,50,True,False,"0101,0102,0103,0104,0105,0106,0107"
peeefstvp,TVA,50,False,True,"0101,0102,0103,0104,0105,0106,0107"
peeumreucjsacl,Satisfaction clients,5000,True,False,"0101,0102,0103,0104,0105,0106,0107"
peeumreusrcddi,Canaux de distribution,5000,True,False,"0101,0102,0103,0104,0105,0106,0107"
peeumreusrdpcl,Délais de paiement,5000,True,False,"0101,0102,0103,0104,0105,0106,0107"
peeumreusreprv,Eléments de prévision des ventes,5000,True,False,"0101,0102,0103,0104,0105,0106,0107"
peeumreusrpdpf,Publicité,5000,True,False,"0101,0102,0103,0104,0105,0106,0107"
peeumreusrpvpf,Prix de vente des produits finis,5000,True,False,"0101,0102,0103,0104,0105,0106,0107"
pefrimcv,Conditions de ventes des machines,0,True,False,"0101,0102,0103,0104,0105,0106,0107"
pefrimfh,Fiches machines,0,True,False,"0101,0102,0103,0104,0105,0106,0107"
pefrimpofr,Profil des fournisseurs de machines,0,True,False,"0101,0102,0103,0104,0105,0106,0107"
pefrimta,Tarifs des machines,0,True,False,"0101,0102,0103,0104,0105,0106,0107"
pefrmpcv,Conditions de ventes des matières,0,True,False,"0101,0102,0103,0104,0105,0106,0107"
pefrmpfh,Fiches matières,0,True,False,"0101,0102,0103,0104,0105,0106,0107"
pefrmppofr,Profil des fournisseurs de matières,0,True,False,"0101,0102,0103,0104,0105,0106,0107"
pefrmpta,Tarifs des matières,0,True,False,"0101,0102,0103,0104,0105,0106,0107"
pefrpffh,Fiches produits,0,True,False,"0101,0102,0103,0104,0105,0106,0107"
pevcecdlpf,Evolution comparée des délais paiement,250,True,False,"0101,0102,0103,0104,0105,0106,0107"
pevcecprpf,Evolution comparée des prix de ventes des produits finis,0,True,False,"0101,0102,0103,0104,0105,0106,0107"
pevcecpuen,Evolution comparée de la publicité de marque,250,True,False,"0101,0102,0103,0104,0105,0106,0107"
pevcecpupf,Evolution comparée des publicités produits,250,True,False,"0101,0102,0103,0104,0105,0106,0107"
pevcfcimsaca,"Immobilisations, rémunération du personnel et chiffre d'affaires",250,True,False,"0101,0102,0103,0104,0105,0106,0107"
pevcfcimsars,"Immobilisations, rémunération du personnel et marge",250,False,True,"0101,0102,0103,0104,0105,0106,0107"
pevcfcpfpuca,"Prix de vente, publicité et chiffre d'affaires",250,False,True,"0101,0102,0103,0104,0105,0106,0107"
pevcfcpfpurs,"Prix de vente, publicité et marge",250,False,True,"0101,0102,0103,0104,0105,0106,0107"
pevcfcpfquca,"Prix de vente, qualité des produits et chiffre d'affaires",250,True,False,"0101,0102,0103,0104,0105,0106,0107"
pevcfcpfqurs,"Prix de vente, qualité des produits et marge",250,False,True,"0101,0102,0103,0104,0105,0106,0107"
pevcvfrc,Comparaison des résultats comptables,250,True,False,"0101,0102,0103,0104,0105,0106,0107"
pevcvfsn,Comparaison des capitaux propres,250,True,False,"0101,0102,0103,0104,0105,0106,0107"
pevcvicddi,Comparaison des canaux de distribution,250,True,False,"0101,0102,0103,0104,0105,0106,0107"
pevcvicpca,Comparaison des chiffres d'affaires,250,False,True,"0101,0102,0103,0104,0105,0106,0107"
pevcvicpdp,Comparaison des délais de paiement clients,250,True,False,"0101,0102,0103,0104,0105,0106,0107"
pevcvicppq,Comparaison des publicités de marque,250,True,False,"0101,0102,0103,0104,0105,0106,0107"
pevcvicpps,Comparaison des publicités produits,250,True,False,"0101,0102,0103,0104,0105,0106,0107"
pevcvicppv,Comparaison des prix,0,True,False,"0101,0102,0103,0104,0105,0106,0107"
pevcvicpve,Comparaison des ventes des produits finis,250,True,False,"0101,0102,0103,0104,0105,0106,0107"
pevcvipm,Comparaison des parts de marché,250,True,False,"0101,0102,0103,0104,0105,0106,0107"
potentialMarketStudy,"Marché potentiel, couverture, demandes et ventes",100,True,False,"0101,0102,0103,0104,0105,0106,0107"
productionCostDetailStudy,Calcul des coûts de production,50,True,False,"0101,0102,0103,0104,0105,0106,0107"
salePricePaymentDelayResultKeyFactor,"Prix de vente, délai de paiement et marge",250,True,False,"0101,0102,0103,0104,0105,0106,0107"
salePricePaymentDelayTurnoverKeyFactor,"Prix de vente, délai de paiement et chiffre d'affaires",250,False,True,"0101,0102,0103,0104,0105,0106,0107"
salesToMarketAverageComparison,Cartographie des chiffres d'affaires,200,False,True,"0101,0102,0103,0104,0105,0106,0107"
workstationsSalesExceptionalChargesAndProducts,Produits et charges d'exploitation sur cessions,50,False,True,"0101,0102,0103,0104,0105,0106,0107"
